{
  "kit_version": 1,
  "space": "linear",
  "tints": {
    "ash": {
      "color": [0.170645, 0.147319, 0.132868]
    },
    "bone": {
      "color": [0.477, 0.420033, 0.318547]
    },
    "char": {
      "color": [0.039682, 0.030074, 0.027212]
    },
    "dust": {
      "color": [0.263273, 0.178868, 0.106539]
    }
  }
}
